,Original silhouette,Weighted silhouette,Embedding silhouette
0,0.03365575820163859,0.28389132071272555,0.5360463139368674
