,Original silhouette,Weighted silhouette,Embedding silhouette,KL divergence
0,0.03365575820163859,0.28389132071272555,0.5609185888485659,0.22012361424566063
