,Selection,Original silhouette,Weighted silhouette,Embedding silhouette,KL divergence
0,0,0.03365575820163859,0.03365575820163859,0.035953295021208115,0.3526062944909052
