,Original silhouette,Weighted silhouette,Embedding silhouette
0,0.03365575820163859,0.03365575820163859,0.12763118639388663
