,Original silhouette,Weighted silhouette,Embedding silhouette
0,0.14209955083157155,0.14209955083157155,0.5744842762654389
