,Original silhouette,Weighted silhouette,Embedding silhouette,KL divergence
0,0.14209955083157155,0.14209955083157155,0.6554185233296727,0.5231970386956553
