,Original silhouette,Weighted silhouette,Embedding silhouette,KL divergence
0,0.14209955083157155,0.6566368761081836,0.85448956202262,0.36588246920168555
