,Original silhouette,Weighted silhouette,Embedding silhouette
0,0.14209955083157155,0.6566368761081836,0.8158821654677244
