,Original silhouette,Weighted silhouette,Embedding silhouette
0,0.012646408983774818,0.012646408983774818,0.018430005295448786
