,Original silhouette,Weighted silhouette,Embedding silhouette
0,0.012646408983774818,0.06612649559385249,0.21680822128580143
