,Original silhouette,Weighted silhouette,Embedding silhouette,KL divergence
0,0.012646408983774818,0.06612649559385249,0.24401414534425728,0.511081045945434
