,Selection,Original silhouette,Weighted silhouette,Embedding silhouette,KL divergence
0,0,0.012646408983774818,0.012646408983774818,0.03385088881167373,0.6195430347695785
