,Original silhouette,Weighted silhouette,Embedding silhouette
0,0.10451070056745015,0.10451070056745015,0.5419563556619302
