,Original silhouette,Weighted silhouette,Embedding silhouette,KL divergence
0,0.10451070056745015,0.42749163009224833,0.757727244113322,0.41478942778938777
