,Original silhouette,Weighted silhouette,Embedding silhouette
0,0.10451070056745015,0.42749163009224833,0.7579179657566311
