,Selection,Original silhouette,Weighted silhouette,Embedding silhouette,KL divergence
0,0,0.10451070056745015,0.10451070056745015,0.45647974518655315,0.447668176902865
