,Original silhouette,Weighted silhouette,Embedding silhouette,KL divergence
0,0.019387161130603462,0.019387161130603462,0.10501190226404195,0.5739249914520332
