,Original silhouette,Weighted silhouette,Embedding silhouette
0,0.019387161130603462,0.019387161130603462,0.04411673433117156
