,Original silhouette,Weighted silhouette,Embedding silhouette,KL divergence
0,0.019387161130603462,0.07320948342273519,0.24401080286371726,0.5222436928678702
