,Original silhouette,Weighted silhouette,Embedding silhouette
0,0.019387161130603462,0.07320948342273519,0.21962428552641858
