,Original silhouette,Weighted silhouette,Embedding silhouette
0,0.06358439776692193,0.06358439776692193,0.1644462466521113
