,Original silhouette,Weighted silhouette,Embedding silhouette,KL divergence
0,0.06358439776692193,0.5852212781073335,0.8833934793298038,0.15310948753887832
