,Original silhouette,Weighted silhouette,Embedding silhouette
0,0.06358439776692193,0.5852212781073335,0.7987351565539752
