,Selection,Original silhouette,Weighted silhouette,Embedding silhouette,KL divergence
0,0,0.06358439776692193,0.06358439776692193,0.3785512809031599,0.325625470285404
