,Original silhouette,Weighted silhouette,Embedding silhouette,KL divergence
0,0.007722096299010893,0.007722096299010893,0.033320625439125805,0.5020797573921989
