,Original silhouette,Weighted silhouette,Embedding silhouette
0,0.007722096299010893,0.007722096299010893,0.006525423887157611
