,Original silhouette,Weighted silhouette,Embedding silhouette
0,0.007722096299010893,0.07749390042107526,0.19455660672888256
