,Original silhouette,Weighted silhouette,Embedding silhouette,KL divergence
0,0.007722096299010893,0.07749390042107526,0.22059811957871125,0.47627728629066635
