,Original silhouette,Weighted silhouette,Embedding silhouette,KL divergence
0,0.01998824019246028,0.01998824019246028,0.07666889165283623,0.4635575524440725
