,Original silhouette,Weighted silhouette,Embedding silhouette
0,0.01998824019246028,0.01998824019246028,0.07497256029696289
