,Original silhouette,Weighted silhouette,Embedding silhouette,KL divergence
0,0.01998824019246028,0.2774662963915014,0.5291345604744422,0.29784313528905226
