,Original silhouette,Weighted silhouette,Embedding silhouette
0,0.01998824019246028,0.2774662963915014,0.440184248391202
