,Original silhouette,Weighted silhouette,Embedding silhouette,KL divergence
0,0.042785998355427186,0.042785998355427186,0.21846413052256755,0.4197169309214228
