,Original silhouette,Weighted silhouette,Embedding silhouette
0,0.042785998355427186,0.042785998355427186,0.12195714956437637
