,Original silhouette,Weighted silhouette,Embedding silhouette,KL divergence
0,0.042785998355427186,0.23791692356914618,0.3968593562403079,0.12260390036682534
