,Original silhouette,Weighted silhouette,Embedding silhouette
0,0.042785998355427186,0.23791692356914618,0.24352976500327372
