,Original silhouette,Weighted silhouette,Embedding silhouette
0,0.07221769798531656,0.07221769798531656,0.15749318136936666
