,Original silhouette,Weighted silhouette,Embedding silhouette,KL divergence
0,0.07221769798531656,0.08571707005888375,0.32324069011932727,0.24644639226412135
