,Original silhouette,Weighted silhouette,Embedding silhouette
0,0.07221769798531656,0.08571707005888375,-0.0220809822774489
