,Selection,Original silhouette,Weighted silhouette,Embedding silhouette,KL divergence
0,0,0.07221769798531656,0.07221769798531656,0.18592776030842034,0.2965828224358873
