,Original silhouette,Weighted silhouette,Embedding silhouette,KL divergence
0,0.00042556745893235795,0.00042556745893235795,0.002439987036240659,0.16949675038723644
