,Original silhouette,Weighted silhouette,Embedding silhouette
0,0.00042556745893235795,0.00042556745893235795,-0.005211100773968961
