,Original silhouette,Weighted silhouette,Embedding silhouette,KL divergence
0,0.00042556745893235795,0.06044577759892579,0.2503438710523979,0.25606508105104364
