,Original silhouette,Weighted silhouette,Embedding silhouette
0,0.00042556745893235795,0.06044577759892579,0.19990139465921142
