,Original silhouette,Weighted silhouette,Embedding silhouette,KL divergence
0,0.05230046315303034,0.05230046315303034,0.16706712549872235,0.3320576902293384
