,Original silhouette,Weighted silhouette,Embedding silhouette
0,0.05230046315303034,0.05230046315303034,0.03980686278829985
