,Original silhouette,Weighted silhouette,Embedding silhouette
0,0.05230046315303034,0.24453317377323464,0.42601287484995465
