,Original silhouette,Weighted silhouette,Embedding silhouette,KL divergence
0,0.05230046315303034,0.24453317377323464,0.5133129405406097,0.24013913769512918
