,Original silhouette,Weighted silhouette,Embedding silhouette,KL divergence
0,-0.021271229156833434,-0.021271229156833434,0.068821986845174,0.5989301794140669
