,Original silhouette,Weighted silhouette,Embedding silhouette
0,-0.021271229156833434,-0.021271229156833434,-0.05494951529927854
