,Original silhouette,Weighted silhouette,Embedding silhouette
0,-0.021271229156833434,0.7105164627286323,0.8827514200990413
