,Original silhouette,Weighted silhouette,Embedding silhouette,KL divergence
0,-0.021271229156833434,0.7105164627286323,0.1866241286988161,0.30095680054649687
