,Original silhouette,Weighted silhouette,Embedding silhouette
0,0.1207251104433028,0.1207251104433028,0.5107070570355339
