,Original silhouette,Weighted silhouette,Embedding silhouette,KL divergence
0,0.1207251104433028,0.5558585757558705,0.5426452604426352,0.3973063393675371
