,Original silhouette,Weighted silhouette,Embedding silhouette
0,0.1207251104433028,0.5558585757558705,0.8176841246563099
