,Selection,Original silhouette,Weighted silhouette,Embedding silhouette,KL divergence
0,0,0.1207251104433028,0.1207251104433028,0.3886606199241663,0.39638620506367506
