,Original silhouette,Weighted silhouette,Embedding silhouette,KL divergence
0,0.10504561485532637,0.10504561485532637,0.30913832196220775,0.8951288397369046
