,Original silhouette,Weighted silhouette,Embedding silhouette
0,0.10504561485532637,0.10504561485532637,0.4061234312977179
