,Original silhouette,Weighted silhouette,Embedding silhouette
0,0.10504561485532637,0.4971992321063807,0.6354480816808686
