,Original silhouette,Weighted silhouette,Embedding silhouette,KL divergence
0,0.10504561485532637,0.4971992321063807,0.7061294944287968,0.6175272960860578
