,Original silhouette,Weighted silhouette,Embedding silhouette
0,0.040320083956281505,0.040320083956281505,-0.021954620813664737
