,Original silhouette,Weighted silhouette,Embedding silhouette,KL divergence
0,0.040320083956281505,0.040320083956281505,0.006271885108467839,0.2683290486093606
