,Original silhouette,Weighted silhouette,Embedding silhouette
0,0.040320083956281505,0.1615762058825956,0.1776642748522055
