,Original silhouette,Weighted silhouette,Embedding silhouette,KL divergence
0,0.040320083956281505,0.1615762058825956,0.440743330241341,0.2516871227313775
