,Original silhouette,Weighted silhouette,Embedding silhouette
0,0.06671748729672362,0.06671748729672362,0.2847494269695638
