,Original silhouette,Weighted silhouette,Embedding silhouette
0,0.06671748729672362,0.2303066271872165,0.4097460213013735
