,Original silhouette,Weighted silhouette,Embedding silhouette,KL divergence
0,0.06671748729672362,0.2303066271872165,0.46932904660306884,0.7166200421659523
