,Selection,Original silhouette,Weighted silhouette,Embedding silhouette,KL divergence
0,0,0.06671748729672362,0.06671748729672362,0.24756644269220762,0.8275795570013997
