,Original silhouette,Weighted silhouette,Embedding silhouette,KL divergence
0,0.01378964386143876,0.01378964386143876,0.01478448462654913,0.4132537809332577
