,Original silhouette,Weighted silhouette,Embedding silhouette
0,0.01378964386143876,0.01378964386143876,-0.06225664344064924
