,Original silhouette,Weighted silhouette,Embedding silhouette
0,0.01378964386143876,0.07724455987646055,0.008042713480689027
