,Original silhouette,Weighted silhouette,Embedding silhouette,KL divergence
0,0.01378964386143876,0.07724455987646055,0.13892007366348902,0.19441562378658084
