,Original silhouette,Weighted silhouette,Embedding silhouette
0,0.06826416012302132,0.06826416012302132,0.36370282364828044
