,Original silhouette,Weighted silhouette,Embedding silhouette,KL divergence
0,0.06826416012302132,0.6204841313244164,0.4873747181611279,0.20213506611560828
