,Original silhouette,Weighted silhouette,Embedding silhouette
0,0.06826416012302132,0.6204841313244164,0.7891982512333364
