,Selection,Original silhouette,Weighted silhouette,Embedding silhouette,KL divergence
0,0,0.06826416012302132,0.06826416012302132,0.29562331608861386,0.37012233496674796
