,Original silhouette,Weighted silhouette,Embedding silhouette
0,0.06814709780184422,0.06814709780184422,0.43148461273718813
