,Original silhouette,Weighted silhouette,Embedding silhouette,KL divergence
0,0.06814709780184422,0.5629771185667201,0.6892267343451168,0.39822281406542626
