,Original silhouette,Weighted silhouette,Embedding silhouette
0,0.06814709780184422,0.5629771185667201,0.7251218220106825
