,Selection,Original silhouette,Weighted silhouette,Embedding silhouette,KL divergence
0,0,0.06814709780184422,0.06814709780184422,0.3632032891929623,0.542660792976144
