,Original silhouette,Weighted silhouette,Embedding silhouette
0,0.02636789927559176,0.02636789927559176,-0.08897342354694247
