,Original silhouette,Weighted silhouette,Embedding silhouette,KL divergence
0,0.02636789927559176,0.02636789927559176,0.08753516598605111,0.893630474733011
