,Original silhouette,Weighted silhouette,Embedding silhouette,KL divergence
0,0.02636789927559176,0.08927380484947639,0.40193509901056423,0.5157871914133434
