,Original silhouette,Weighted silhouette,Embedding silhouette
0,0.02636789927559176,0.08927380484947639,0.09329472322141634
