,Original silhouette,Weighted silhouette,Embedding silhouette
0,-0.12599814763385728,-0.12599814763385728,-0.32477057902214956
