,Original silhouette,Weighted silhouette,Embedding silhouette,KL divergence
0,-0.12599814763385728,-0.02174342144974463,-0.09990763935624286,0.17268200668164102
