,Original silhouette,Weighted silhouette,Embedding silhouette
0,-0.12599814763385728,-0.02174342144974463,-0.070426585704798
