,Selection,Original silhouette,Weighted silhouette,Embedding silhouette,KL divergence
0,0,-0.12599814763385728,-0.12599814763385728,-0.2995272552232998,0.21920151042892932
