,Original silhouette,Weighted silhouette,Embedding silhouette,KL divergence
0,0.1036516076772178,0.15569949311662,0.5108015684753268,0.3464432636570107
