,Original silhouette,Weighted silhouette,Embedding silhouette
0,0.1036516076772178,0.15569949311662,0.40950887998393953
