,Original silhouette,Weighted silhouette,Embedding silhouette
0,0.1036516076772178,0.1036516076772178,0.362608688659787
