,Original silhouette,Weighted silhouette,Embedding silhouette,KL divergence
0,0.1036516076772178,0.1036516076772178,0.4088934005020529,0.3326540380779388
