,Original silhouette,Weighted silhouette,Embedding silhouette
0,0.1215817913876535,0.1215817913876535,0.460896349945154
