,Original silhouette,Weighted silhouette,Embedding silhouette,KL divergence
0,0.1215817913876535,0.1215817913876535,0.5024004274014255,0.2367353470388469
