,Original silhouette,Weighted silhouette,Embedding silhouette
0,0.1215817913876535,0.6684754528986516,0.8476171871644017
