,Original silhouette,Weighted silhouette,Embedding silhouette,KL divergence
0,0.1215817913876535,0.6684754528986516,0.9361536056837764,0.09773595612763941
