,Original silhouette,Weighted silhouette,Embedding silhouette,KL divergence
0,0.07410107931735764,0.07410107931735764,0.07664538474832415,0.3276516304098518
