,Original silhouette,Weighted silhouette,Embedding silhouette
0,0.07410107931735764,0.07410107931735764,0.1072121352549411
