,Original silhouette,Weighted silhouette,Embedding silhouette
0,0.07410107931735764,0.44252097300277105,0.6770706649794774
