,Original silhouette,Weighted silhouette,Embedding silhouette,KL divergence
0,0.07410107931735764,0.44252097300277105,0.8314072095406078,0.21334612629828698
